n,k,op,time_s,rows_out,comparisons,load_s,reps
1000,1,join,0.545491375,961,1000000,0.034566625,3
1000,1,select,0.000957917,1000,1000,0.034566625,3
1000,1,project,0.001263416,637,0,0.034566625,3
2000,1,join,2.283016375,1975,4000000,0.063541834,3
2000,1,select,0.001852208,2000,2000,0.063541834,3
2000,1,project,0.002430083,1300,0,0.063541834,3
4000,1,join,7.476330667,3995,16000000,0.109855209,3
4000,1,select,0.003683958,4000,4000,0.109855209,3
4000,1,project,0.004765959,2568,0,0.109855209,3
8000,1,join,30.366280458,8057,64000000,0.218780209,3
8000,1,select,0.007300542,8000,8000,0.218780209,3
8000,1,project,0.009527459,5060,0,0.218780209,3
16000,1,join,118.746622666,16294,256000000,0.465099375,1
16000,1,select,0.015140125,16000,16000,0.465099375,1
16000,1,project,0.019282708,10075,0,0.465099375,1
32000,1,join,483.969054667,31969,1024000000,0.932580291,1
32000,1,select,0.0304715,32000,32000,0.932580291,1
32000,1,project,0.043113792,20088,0,0.932580291,1
64000,1,join,1973.625281334,64033,4096000000,1.911070916,1
64000,1,select,0.063873791,64000,64000,1.911070916,1
64000,1,project,0.0883685,40456,0,1.911070916,1
8000,0,join_k,31.86280325,0,64000000,0.0,1
8000,1,join_k,30.651173459,8057,64000000,0.0,1
8000,10,join_k,32.376380958,79891,64000000,0.0,1
8000,100,join_k,30.982979625,801090,64000000,0.0,1
8000,1000,join_k,34.229929542,8003710,64000000,0.0,1
64000,1,hash_join,0.144454292,64033,128033,0.0,1
